accuracy,precision,recall,f1_score
0.7608695652173914,0.7627329192546585,0.7608695652173914,0.7614413740045328
