accuracy,precision,recall,f1_score
0.9,0.8857142857142858,0.9,0.8909090909090909
