accuracy,precision,recall,f1_score
0.7586206896551724,0.7551758586241345,0.7586206896551724,0.7559517802074572
